Poste,Ville,Pays,Date
Digital Data Engineer,Hyderabad,Inde,03/08/2024
Digitalents Graduate Program - Data Engineer,Bridgewater,New Jersey,03/10/2024
Data Engineer Manager - Commercial,Budapest,Hongrie,02/29/2024
Data Engineer - Research Data domain,Cambridge,Massachusetts,03/07/2024
Accelerator - Digital Data Engineer - All Gender,Paris,France,02/29/2024
Data Platform Engineer,Budapest,Hongrie,03/02/2024
Data Platform Engineer Analyst,Hyderabad,Inde,10/06/2023
Data Platform Engineer Analyst,Budapest,Hongrie,02/29/2024
Data Platform Engineer Specialist,Budapest,Hongrie,02/29/2024
Data Platform Engineer Specialist,Toronto,Canada,01/03/2024
Digital Data Engineer,Hyderabad,Inde,03/08/2024
Digitalents Graduate Program - Data Engineer,Bridgewater,New Jersey,03/10/2024
Data Engineer Manager - Commercial,Budapest,Hongrie,02/29/2024
Data Engineer - Research Data domain,Cambridge,Massachusetts,03/07/2024
Accelerator - Digital Data Engineer - All Gender,Paris,France,02/29/2024
Data Platform Engineer,Budapest,Hongrie,03/02/2024
Data Platform Engineer Analyst,Hyderabad,Inde,10/06/2023
Data Platform Engineer Analyst,Budapest,Hongrie,02/29/2024
Data Platform Engineer Specialist,Budapest,Hongrie,02/29/2024
Data Platform Engineer Specialist,Toronto,Canada,01/03/2024
