ID,Poste,Ville,Pays,Date
57905100800,Digital Data Engineer,Hyderabad,Inde,03/08/2024
57867792720,Digitalents Graduate Program - Data Engineer,Bridgewater,New Jersey,03/10/2024
62002704208,Data Engineer Manager - Commercial,Budapest,Hongrie,02/29/2024
60345132464,Data Engineer - Research Data domain,Cambridge,Massachusetts,03/07/2024
61414226960,Accelerator - Digital Data Engineer - All Gender,Paris,France,02/29/2024
57204130448,Data Platform Engineer,Budapest,Hongrie,03/02/2024
55381694016,Data Platform Engineer Analyst,Hyderabad,Inde,10/06/2023
56015072080,Data Platform Engineer Analyst,Budapest,Hongrie,02/29/2024
56015074112,Data Platform Engineer Specialist,Budapest,Hongrie,02/29/2024
55092993008,Data Platform Engineer Specialist,Toronto,Canada,01/03/2024
57905100800,Digital Data Engineer,Hyderabad,Inde,03/08/2024
57867792720,Digitalents Graduate Program - Data Engineer,Bridgewater,New Jersey,03/10/2024
62002704208,Data Engineer Manager - Commercial,Budapest,Hongrie,02/29/2024
60345132464,Data Engineer - Research Data domain,Cambridge,Massachusetts,03/07/2024
61414226960,Accelerator - Digital Data Engineer - All Gender,Paris,France,02/29/2024
57204130448,Data Platform Engineer,Budapest,Hongrie,03/02/2024
55381694016,Data Platform Engineer Analyst,Hyderabad,Inde,10/06/2023
56015072080,Data Platform Engineer Analyst,Budapest,Hongrie,02/29/2024
56015074112,Data Platform Engineer Specialist,Budapest,Hongrie,02/29/2024
55092993008,Data Platform Engineer Specialist,Toronto,Canada,01/03/2024
